{"cameraMode":{"drawMode":0,"name":"Shaded","section":"Shading Mode"},"sceneLighting":false,"audioPlay":false,"sceneViewState":{"m_AlwaysRefresh":false,"showFog":true,"showSkybox":false,"showFlares":true,"showImageEffects":true,"showParticleSystems":true,"showVisualEffectGraphs":true,"m_FxEnabled":true},"in2DMode":false,"pivot":{"x":6.978488445281982,"y":0.03111450932919979,"z":-0.18453232944011689},"rotation":{"x":-0.18483075499534608,"y":0.4846562445163727,"z":-0.10558093339204788,"w":-0.8484180569648743},"size":0.2797932028770447,"orthographic":false}