{"cameraMode":{"drawMode":0,"name":"Shaded","section":"Shading Mode"},"sceneLighting":false,"audioPlay":false,"sceneViewState":{"m_AlwaysRefresh":false,"showFog":true,"showSkybox":false,"showFlares":true,"showImageEffects":true,"showParticleSystems":true,"showVisualEffectGraphs":true,"m_FxEnabled":true},"in2DMode":false,"pivot":{"x":0.06677258014678955,"y":0.9693207740783691,"z":2.8459951877593996},"rotation":{"x":-0.17562438547611237,"y":0.7185705304145813,"z":-0.1950186938047409,"w":-0.6443161964416504},"size":1.137533187866211,"orthographic":false}