{"cameraMode":{"drawMode":0,"name":"Shaded","section":"Shading Mode"},"sceneLighting":false,"audioPlay":false,"sceneViewState":{"m_AlwaysRefresh":false,"showFog":true,"showSkybox":false,"showFlares":true,"showImageEffects":true,"showParticleSystems":true,"showVisualEffectGraphs":true,"m_FxEnabled":true},"in2DMode":false,"pivot":{"x":0.42700743675231936,"y":0.8637076020240784,"z":2.685309886932373},"rotation":{"x":-0.1056722104549408,"y":0.7087622284889221,"z":-0.10779611766338349,"w":-0.6893693208694458},"size":0.6062206029891968,"orthographic":false}