{"cameraMode":{"drawMode":0,"name":"Shaded","section":"Shading Mode"},"sceneLighting":true,"audioPlay":false,"sceneViewState":{"m_AlwaysRefresh":false,"showFog":true,"showSkybox":true,"showFlares":true,"showImageEffects":true,"showParticleSystems":true,"showVisualEffectGraphs":true,"m_FxEnabled":true},"in2DMode":false,"pivot":{"x":-0.02807110920548439,"y":3.9206719398498537,"z":-1.123828649520874},"rotation":{"x":-0.366962194442749,"y":-0.05861911550164223,"z":0.023882655426859857,"w":-0.9282780885696411},"size":2.252286911010742,"orthographic":false}