{"cameraMode":{"drawMode":0,"name":"Shaded","section":"Shading Mode"},"sceneLighting":true,"audioPlay":false,"sceneViewState":{"m_AlwaysRefresh":false,"showFog":true,"showSkybox":true,"showFlares":true,"showImageEffects":true,"showParticleSystems":true,"showVisualEffectGraphs":true,"m_FxEnabled":true},"in2DMode":false,"pivot":{"x":-12.226419448852539,"y":-9.569844245910645,"z":-66.89257049560547},"rotation":{"x":0.006822284311056137,"y":-0.9930136799812317,"z":0.07311788946390152,"w":0.09259820729494095},"size":35.887718200683597,"orthographic":false}