{"cameraMode":{"drawMode":0,"name":"Shaded","section":"Shading Mode"},"sceneLighting":true,"audioPlay":false,"sceneViewState":{"m_AlwaysRefresh":false,"showFog":true,"showSkybox":true,"showFlares":true,"showImageEffects":true,"showParticleSystems":true,"showVisualEffectGraphs":true,"m_FxEnabled":true},"in2DMode":false,"pivot":{"x":0.9918275475502014,"y":-52.663089752197269,"z":62.5314826965332},"rotation":{"x":0.34646672010421755,"y":-0.030947156250476838,"z":0.011442010290920735,"w":0.9374904632568359},"size":49.96452713012695,"orthographic":false}