{"cameraMode":{"drawMode":0,"name":"Shaded","section":"Shading Mode"},"sceneLighting":true,"audioPlay":false,"sceneViewState":{"m_AlwaysRefresh":false,"showFog":true,"showSkybox":true,"showFlares":true,"showImageEffects":true,"showParticleSystems":true,"showVisualEffectGraphs":true,"m_FxEnabled":true},"in2DMode":false,"pivot":{"x":1.1590495109558106,"y":1.6296043395996094,"z":-17.31269645690918},"rotation":{"x":-0.1807377189397812,"y":0.39026445150375368,"z":-0.07774664461612702,"w":-0.8996487259864807},"size":0.6928239464759827,"orthographic":false}