{"cameraMode":{"drawMode":0,"name":"Shaded","section":"Shading Mode"},"sceneLighting":true,"audioPlay":false,"sceneViewState":{"m_AlwaysRefresh":false,"showFog":true,"showSkybox":true,"showFlares":true,"showImageEffects":true,"showParticleSystems":true,"showVisualEffectGraphs":true,"m_FxEnabled":true},"in2DMode":false,"pivot":{"x":0.19188565015792848,"y":2.4359030723571779,"z":-17.631967544555665},"rotation":{"x":-0.19371353089809419,"y":-0.02666626125574112,"z":0.006007087416946888,"w":-0.9808664917945862},"size":0.6928239464759827,"orthographic":false}