{"cameraMode":{"drawMode":0,"name":"Shaded","section":"Shading Mode"},"sceneLighting":false,"audioPlay":false,"sceneViewState":{"m_AlwaysRefresh":false,"showFog":true,"showSkybox":false,"showFlares":true,"showImageEffects":true,"showParticleSystems":true,"showVisualEffectGraphs":true,"m_FxEnabled":true},"in2DMode":false,"pivot":{"x":-6.4949822425842289,"y":0.8500757813453674,"z":10.68792724609375},"rotation":{"x":-0.03423819690942764,"y":0.9652004241943359,"z":-0.1651824563741684,"w":-0.19996246695518495},"size":0.000017320508050033823,"orthographic":false}