{"cameraMode":{"drawMode":0,"name":"Shaded","section":"Shading Mode"},"sceneLighting":true,"audioPlay":false,"sceneViewState":{"m_AlwaysRefresh":false,"showFog":true,"showSkybox":false,"showFlares":true,"showImageEffects":true,"showParticleSystems":true,"showVisualEffectGraphs":true,"m_FxEnabled":true},"in2DMode":false,"pivot":{"x":0.33770710229873659,"y":-3.900057315826416,"z":6.159318923950195},"rotation":{"x":-0.37015339732170107,"y":0.04158918187022209,"z":-0.016285015270113946,"w":-0.9280495643615723},"size":6.779290199279785,"orthographic":false}