{"cameraMode":{"drawMode":0,"name":"Shaded","section":"Shading Mode"},"sceneLighting":false,"audioPlay":false,"sceneViewState":{"m_AlwaysRefresh":false,"showFog":true,"showSkybox":false,"showFlares":true,"showImageEffects":true,"showParticleSystems":true,"showVisualEffectGraphs":true,"m_FxEnabled":true},"in2DMode":false,"pivot":{"x":0.13055633008480073,"y":0.1301613450050354,"z":-0.9734432697296143},"rotation":{"x":-0.19229300320148469,"y":-0.005879258271306753,"z":0.0011541048297658563,"w":-0.9813268184661865},"size":0.25980764627456667,"orthographic":false}